Name,Addresse,Lat,Long,Fallzahl F64,Fallzahl 5-646.0,Fallzahl 5-646.1,Bettenanzahl,Stationäre Fälle insgesamt
Städtisches Klinikum Dresden - Standort Neustadt/Trachau,Industriestr. 40 01129 Dresden,,,10,Datenschutz,0,336,13411
Universitätsklinikum Dresden Carl-G.- Carus der TU Dresden,Fetscherstr. 74 01307 Dresden,,,15,0,0,1410,55565
Städtisches Klinikum Dresden - Standort Weißer Hirsch,Heinrich-Cotta-Straße 12 01324 Dresden,,,Datenschutz,0,0,218,3150
Elblandkliniken Meißen-Radebeul Standort Radebeul,Heinrich-Zille-Str. 13 01445 Radebeul,,,5,0,0,345,11224
Städt. Klinikum Görlitz GmbH,Girbigsdorfer Str. 1-3 02828 Görlitz,,,Datenschutz,0,0,550,21003
Krankenhaus Spremberg,Karl-Marx-Str. 80 03130 Spremberg,,,Datenschutz,0,0,205,4664
Universitätsklinikum Leipzig AöR,Liebigstr. 20 04103 Leipzig,,,71,20,33,1451,54810
Klinikum St. Georg,Delitzscher Str. 141 04129 Leipzig,,,Datenschutz,0,Datenschutz,842,28778
St. Elisabeth Krankenhaus,Biedermannstr. 84 04277 Leipzig,,,Datenschutz,0,0,374,19831
Universitätsklinikum Halle (Saale),Ernst-Grube-Str. 40 06120 Halle (Saale),,,6,0,0,815,35687
Universitätsklinikum Jena Lobeda,Am Klinikum 1 07747 Jena,,,5,0,0,1218,43136
Kliniken Erlabrunn gGmbH,Am Märzenberg 1a 08359 Breitenbrunn,,,Datenschutz,0,0,340,7997
Klinikum Chemnitz,Flemmingstraße 2 09116 Chemnitz,,,Datenschutz,0,0,1384,49209
DRK-Krankenhaus Chemnitz-Rabenstein,Unritzstr. 23 09117 Chemnitz,,,19,0,0,297,15291
"Klinikum Chemnitz, Krankenhaus Dresdner Straße",Dresdner Straße 178 09131 Chemnitz,,,Datenschutz,0,0,401,7264
"Charité-Universitätsmedizin Berlin, Campus Charité Mitte",Charitéplatz 1 10117 Berlin,,,46,Datenschutz,Datenschutz,3011,130282
Sana Klinikum Lichtenberg Oskar-Ziethen Krankenhaus,Fanninger Str. 32 10365 Berlin,,,33,19,8,672,28524
Klinik Schöneberg,Fuggerstr. 23 10777 Berlin,,,Datenschutz,0,0,34,642
Evangelische Elisabeth Klinik,Lützowstr. 24-26 10785 Berlin,,,398,385,11,145,7430
Vivantes Klinikum Am Urban,Dieffenbachstraße 1 10967 Berlin,,,Datenschutz,0,Datenschutz,607,24345
St. Joseph-Krankenhaus Tempelhof,Bäumerplan 24 12101 Berlin,,,Datenschutz,0,0,506,24127
Vivantes Klinikum Neukölln,Rudower Straße 48 12351 Berlin,,,Datenschutz,0,0,1377,38991
DRK Kliniken Berlin Köpenick,Salvador-Allende-Str. 2-8 12559 Berlin,,,Datenschutz,0,0,564,23015
Vivantes Klinikum Kaulsdorf,Myslowitzer Straße 45 12621 Berlin,,,Datenschutz,0,0,477,12205
BG Klinikum Unfallkrankenhaus Berlin gGmbH,Warener Str. 7 12683 Berlin,,,Datenschutz,Datenschutz,0,588,22760
HELIOS Klinikum Berlin-Buch,Schwanebecker Chaussee 50 13125 Berlin,,,Datenschutz,0,0,1223,47860
Vivantes Humboldt-Klinikum,Am Nordgraben 2 13509 Berlin,,,Datenschutz,0,0,788,23688
Ev. Waldkrankenhaus Spandau,Stadtrandstr. 555-561 13589 Berlin,,,Datenschutz,0,0,514,22703
DRK Kliniken Berlin Westend,Spandauer Damm 130 14050 Berlin,,,22,Datenschutz,0,590,25996
Schloßpark-Klinik GmbH,Heubnerweg 2 14059 Berlin,,,Datenschutz,0,0,340,9827
HELIOS Klinikum Emil von Behring,Walterhöferstr. 11 14165 Berlin,,,161,170,8,507,20536
Martin-Luther-Krankenhaus,Caspar-Theyss-Str. 27 14193 Berlin,,,Datenschutz,Datenschutz,0,275,16095
Klinikum Frankfurt (Oder),Müllroser Chaussee 7 15236 Frankfurt (Oder),,,Datenschutz,0,0,775,21411
HELIOS Klinikum Bad Saarow,Pieskower Str. 33 15526 Bad Saarow-Pieskow,,,Datenschutz,0,0,629,25431
Immanuel Klinik Rüdersdorf,Seebad 82/83 15562 Rüdersdorf,,,Datenschutz,0,0,412,13266
Immanuel Klinikum Bernau Herzzentrum Brandenburg Universitätsklinikum der MHB Theodor Fontane,Ladeburger Str. 17 16321 Bernau,,,Datenschutz,0,0,290,12171
Asklepios Klinik Pasewalk,Prenzlauer Chaussee 30 17309 Pasewalk,,,Datenschutz,0,0,185,8508
Universitätsmedizin Greifswald,Fleischmannstraße 8 17475 Greifswald,,,Datenschutz,0,0,930,33547
Klinikum Südstadt Rostock,Südring 81 18059 Rostock,,,7,0,0,513,23734
KMG Klinikum Güstrow,Friedr.-Trendelenburg-Allee 1 18273 Güstrow,,,Datenschutz,0,0,451,16869
Universitätsklinikum Hamburg-Eppendorf,Martinistr. 52 20246 Hamburg,,,303,36,143,1741,77457
Agaplesion Diakonieklinikum Hamburg,Hohe Weide 17 20259 Hamburg,,,25,0,0,385,16916
Städtisches Klinikum Lüneburg gGmbH,Bögelstr. 1 21339 Lüneburg,,,Datenschutz,0,0,563,28400
Krankenhaus Reinbek St.-Adolfstift,Hamburger Str. 41 21465 Reinbek,,,609,0,0,351,17944
Ev. Krankenhaus Alsterdorf,Bodelschwinghstr. 24 22337 Hamburg,,,Datenschutz,0,0,405,5634
Universitätsklinikum Schleswig-Holstein Campus Kiel,Arnold-Heller-Str. 3 24105 Kiel,,,Datenschutz,0,0,958,47923
Zentrum für Integrative Psychiatrie Kiel - ZIP gGmbH,Niemannsweg 147 24105 Kiel,,,Datenschutz,0,0,251,1913
DIAKO Krankenhaus Flensburg,Knuthstr. 1 24939 Flensburg,,,Datenschutz,0,0,400,19884
Klinikum Itzehoe,Robert-Koch-Str. 2 25524 Itzehoe,,,31,11,16,601,31658
Westküstenkliniken Brunsbüttel und Heide gGmbH Standort Heide,Esmarchstraße 50 25746 Heide,,,Datenschutz,0,0,681,22317
Ev. Krankenhaus Oldenburg,Steinweg 13-17 26122 Oldenburg,,,Datenschutz,0,0,417,19107
Ubbo-Emmius-Klinik gGmbH Klinik Aurich,Wallinghausener Str. 8 26603 Aurich,,,Datenschutz,0,0,285,17190
Bundeswehrkrankenhaus Westerstede,Lange Str. 38 26655 Westerstede,,,Datenschutz,0,0,135,4087
"Marien Hospital Papenburg-Aschendorf, Standort Aschendorf",Marienstraße 8 26871 Aschendorf,,,Datenschutz,0,0,275,477
Klinikum Bremerhaven Reinkenheide,Postbrookstraße 103 27574 Bremerhaven,,,Datenschutz,0,0,792,25501
Kreiskrankenhaus Osterholz,Am Krankenhaus 4 27711 Osterholz-Scharmbeck,,,Datenschutz,0,0,128,7061
Klinikum Bremen-Mitte gGmbH,St.-Jürgen-Str. 1 28205 Bremen,,,Datenschutz,0,0,877,35557
Krankenhaus St.Joseph-Stift,Schwachhauser Heerstr. 54 28209 Bremen,,,Datenschutz,0,0,456,19426
DIAKO Ev. Diakonie-Krankenhaus gGmbH,Gröpelinger Heerstr. 406 28239 Bremen,,,Datenschutz,0,0,388,16195
Klinikum Bremen-Ost,Züricher Str. 40 28325 Bremen,,,Datenschutz,0,0,716,14647
Klinikum Bremen-Nord,Hammersbeckerstr. 228 28755 Bremen,,,Datenschutz,0,0,415,16014
Klinikum Region Hannover GmbH Klinikum Siloah,Stadionbrücke 4 30459 Hannover,,,Datenschutz,0,0,564,23284
Medizinische Hochschule Hannover,Carl-Neuberg-Str. 1 30625 Hannover,,,8,0,0,1520,53004
Klinikum Hildesheim GmbH,Senator-Braun-Allee 33 31135 Hildesheim,,,9,0,0,579,24896
Klinikum Region Hannover GmbH Krankenhaus Neustadt a. Rbg.,Lindenstr. 75 31535 Neustadt,,,Datenschutz,0,0,272,13964
Sana-Klinikum Hameln-Pyrmont,Saint-Maur-Platz 1 31785 Hameln,,,6,0,0,402,18413
Klinikum Herford,Schwarzenmoorstr. 70 32049 Herford,,,Datenschutz,0,0,755,26565
Klinikum Lippe Bad Salzuflen,Heldmanstraße 45 32108 Bad Salzuflen,,,Datenschutz,0,0,88,467
Johannes Wesling Klinikum Minden,Hans-Nolte-Str. 1 32429 Minden,,,Datenschutz,0,0,864,36564
St. Vincenz-Krankenhaus,Am Busdorf 2 33098 Paderborn,,,Datenschutz,0,0,587,31073
Franziskus Hospital,Kiskerstraße 26 33615 Bielefeld,,,Datenschutz,0,0,616,11370
"Evangelisches Klinikum Bethel, Standort Gilead",Kantensiek 11 33617 Bielefeld,,,Datenschutz,0,0,1040,28099
Elisabeth Krankenhaus gGmbH,Weinbergstr. 7 34117 Kassel,,,7,0,0,198,9855
Agaplesion Diakonie-Kliniken Kassel,Herkulesstr. 34 34119 Kassel,,,Datenschutz,0,0,316,16343
Klinikum Kassel gGmbH,Mönchebergstr. 41-43 34125 Kassel,,,Datenschutz,0,0,1061,48540
Universitätsklinikum Giessen und Marburg - Standort Marburg,Baldingerstr. 35043 Marburg,,,Datenschutz,0,0,931,38663
Universitätsklinikum Gießen und Marburg - Standort Gießen,Rudolf-Buchheim-Str. 6 35392 Gießen,,,Datenschutz,0,0,1279,42648
AGAPLESION EVANGELISCHES KRANKENHAUS MITTELHESSEN gGmbH,Paul-Zipp-Straße 171 35398 Gießen,,,Datenschutz,0,0,263,10783
Agaplesion Krankenhaus Neu-Bethlehem gGmbH,Humboldtallee 8 37073 Göttingen,,,Datenschutz,0,0,100,8960
Kliniken der Georg-August-Universität,Robert-Koch-Str. 40 37075 Göttingen,,,Datenschutz,0,0,1634,49367
Evang. Krankenhaus Göttingen-Weende e.V.,An der Lutter 24 37075 Göttingen,,,7,0,0,433,18063
HELIOS Albert-Schweitzer-Klinik Northeim,Albert-Schweitzer-Weg 1 37154 Northeim,,,Datenschutz,0,0,210,10857
Krankenhaus Marienstift,Helmstedter Str. 35 a 38102 Braunschweig,,,Datenschutz,0,0,147,9357
Helios Klinikum Salzgitter,Kattowitzer-Str. 191 38226 Salzgitter,,,Datenschutz,0,0,296,15869
AMEOS Klinikum Halberstadt GmbH,Gleimstr. 5 38820 Halberstadt,,,Datenschutz,0,0,331,17138
Universitätsklinikum Magdeburg - Gerhart-Hauptmann-Straße,Gerhart-Hauptmann-Straße 35 39108 Magdeburg,,,9,0,0,107,5990
Universitätsklinikum Magdeburg,Leipziger Str. 44 39120 Magdeburg,,,36,Datenschutz,13,842,32289
Klinikum Magdeburg gGmbH,Birkenallee 34 39130 Magdeburg,,,5,0,0,791,28307
Universitätsklinikum Düsseldorf,Moorenstr. 5 40225 Düsseldorf,,,Datenschutz,0,0,1247,46122
Diakoniewerk Kaiserswerth Florence-Nightingale- Krankenhaus,Kreuzbergstr. 79 40489 Düsseldorf,,,333,0,0,556,22945
"Sana Kliniken Düsseldorf GmbH, Krankenhaus Benrath",Urdenbacher Allee 83 40593 Düsseldorf,,,23,0,0,177,9435
"Sana Kliniken Düsseldorf GmbH, Krankenhaus Gerresheim",Gräulinger-Str. 120 40625 Düsseldorf,,,354,0,0,180,8040
Ev. Krankenhaus GmbH,Gartenstr. 4-8 40822 Mettmann,,,Datenschutz,0,0,245,11242
"Ev. Krankenhaus ""Bethesda"" gGmbH",Ludwig-Weber-Str. 15 41061 Mönchengladbach,,,Datenschutz,0,0,226,11588
Städtische Kliniken Mönchengladbach GmbH,Hubertusstr. 100 41239 Mönchengladbach,,,Datenschutz,0,0,554,32293
Johanna-Etienne-Krankenhaus,Am Hasenberg 46 41462 Neuss,,,Datenschutz,0,0,415,18062
Rheinland Klinikum Dormagen,Dr. Geldmacher-Str. 20 41540 Dormagen,,,Datenschutz,0,0,294,11575
Hermann-Josef-Krankenhaus,Tenholterstr. 43 41812 Erkelenz,,,Datenschutz,0,0,409,20040
Agaplesion Bethesda Krankenhaus Wuppertal gGmbH,Hainstr. 35 42109 Wuppertal,,,Datenschutz,0,0,358,16341
HELIOS Klinikum Wuppertal Barmen,Heusnerstr. 40 42283 Wuppertal,,,10,0,0,877,37403
Krankenhaus Wermelskirchen GmbH,Königstr. 100 42929 Wermelskirchen,,,Datenschutz,0,0,180,8291
Klinikum Dortmund gGmbH Klinikzentrum Mitte,Beurhausstraße 40 44137 Dortmund,,,Datenschutz,0,0,963,42093
St.-Marien-Hospital,Altstadtstr. 23 44534 Lünen,,,Datenschutz,0,0,578,19126
St. Rochus-Hospital,Glückaufstr. 10 44575 Castrop-Rauxel,,,4,Datenschutz,0,204,8696
Marienhospital Herne,Hölkeskampring 40 44625 Herne,,,Datenschutz,0,0,535,28335
Berufsgenossenschaftliche Kliniken Bergmannsheil - Universitätsklinik -,Bürkle-de-la-Camp-Platz 1 44789 Bochum,,,Datenschutz,Datenschutz,0,512,16610
Kliniken Essen-Mitte Ev. Huyssens-Stiftung,Henricistr. 92 45136 Essen,,,206,81,111,438,15070
Universitätsklinikum der Gesamthochschule Essen,Hufelandstr. 55 45147 Essen,,,74,Datenschutz,74,1161,51323
"LVR Klinikum Essen, Tagesklinik für Erwachsene",Wickenburgstraße 21 45147 Essen,,,Datenschutz,0,0,322,928
Elisabeth-Krankenhaus,Röntgenstr.10 45661 Recklinghausen,,,7,0,0,230,9667
Ev. Krankenhaus,Munckelstr. 27 45879 Gelsenkirchen,,,Datenschutz,0,0,435,16192
Marienhospital,Virchowstr. 135 45886 Gelsenkirchen,,,Datenschutz,0,0,568,22971
Sankt Marien-Hospital-Buer,Mühlenstr. 5-9 45894 Gelsenkirchen,,,Datenschutz,0,0,257,11306
Marienhospital,Josef-Albers-Str. 70 46236 Bottrop,,,Datenschutz,0,0,310,13104
St. Marien-Hospital Borken,Am Boltenhof 7 46325 Borken,,,33,21,0,316,11264
Ev. Krankenhaus Wesel,Schermbecker Landstr. 88 46485 Wesel,,,Datenschutz,0,0,349,12391
Bethesda-Krankenhaus zu Duisburg gGmbH,Heerstr. 219 47053 Duisburg,,,Datenschutz,0,0,413,12983
Helios Marien Klinik,Grunewaldstraße 96 47053 Duisburg,,,7,0,5,374,6457
St. Josef Moers,Asberger Str. 9 47441 Moers,,,Datenschutz,0,0,376,16767
St. Clemens-Hospital Geldern,Clemensstraße 1 47608 Geldern,,,Datenschutz,0,0,305,12582
Alexianer Krefeld GmbH Krankenhaus Maria-Hilf Krefeld,Dießemer Bruch 81 47805 Krefeld,,,Datenschutz,0,Datenschutz,575,15546
St. Franziskus-Hospital,Hohenzollernring 72 48145 Münster,,,16,0,0,598,28752
Universitätsklinikum Münster,Albert-Schweitzer-Campus 1 48149 Münster,,,Datenschutz,Datenschutz,0,1621,47208
Fachklinik Hornheide,Dorbaumstr. 300 48157 Münster,,,8,4,0,140,6313
Klinikum Osnabrück GmbH,Am Finkenhügel 1 49076 Osnabrück,,,13,0,Datenschutz,735,32619
Franziskus-Hospital Harderberg,Alte Rothenfelder Str. 23 49124 Georgsmarienhütte,,,Datenschutz,0,0,287,14099
St.-Franziskus-Hospital,Franziskusstr. 6 49393 Lohne,,,Datenschutz,0,0,140,7209
St. Katharinen-Hospital,Kapellenstr. 1-5 50226 Frechen,,,74,0,0,431,16569
Dreifaltigkeits-Krankenhaus Wesseling,Bonner Str. 84 50389 Wesseling,,,Datenschutz,0,0,186,6938
Cellitinnen-Severinsklösterchen Krankenhaus der Augustinerinnen,Jakobstr. 27-31 50678 Köln,,,Datenschutz,0,0,300,12907
Eduardus-Krankenhaus,Custodisstr. 3-17 50679 Köln,,,Datenschutz,Datenschutz,0,212,8378
Cellitinnen-Krankenhaus Heilig Geist,Graseggerstr. 105 50737 Köln,,,Datenschutz,0,0,291,16442
Universitätsklinikum Köln,Kerpener Str. 62 50937 Köln,,,Datenschutz,0,0,1522,57719
Kliniken der Stadt Köln Krankenhaus Holweide,Neufelder Str. 23 51067 Köln,,,4,0,0,407,15260
Kinder- und Jugendpychiatrie,Florentine-Eicheler Str.1 51067 Köln,,,Datenschutz,0,0,78,628
Universitätsklinikum Aachen,Pauwelsstr. 30 52074 Aachen,,,5,0,0,1488,38263
St. Marien-Hospital gGmbH,Hospitalstr. 44 52353 Düren,,,Datenschutz,0,0,381,15277
Städtisches Krankenhaus Heinsberg GmbH,Auf dem Brand 1 52525 Heinsberg,,,Datenschutz,0,0,215,9751
Universitätsklinikum Bonn,Venusberg-Campus 1 53127 Bonn,,,Datenschutz,0,0,1306,54757
"Ev. Kliniken Bonn, Waldkrankenhaus",Waldstr. 73 53177 Bonn,,,Datenschutz,0,0,265,11750
Krankenhaus Maria Stern,Am Anger 1 53424 Remagen,,,Datenschutz,0,0,142,4838
St. Josef-Hospital Troisdorf,Hospitalstr. 45 53840 Troisdorf,,,7,0,0,324,12974
Katholisches Klinikum Mainz Fanny de la Roche Haus,An der Goldgrube 11 55131 Mainz,,,Datenschutz,0,0,541,22011
Krankenhaus St. Marienwörth,Mühlenstr. 39 55543 Bad Kreuznach,,,Datenschutz,0,0,298,11942
Diakonie Krankenhaus Bad Kreuznach,Ringstr. 64 55543 Bad Kreuznach,,,Datenschutz,0,0,351,17931
Klinikum Idar-Oberstein GmbH,Dr. Ottmar-Kohler-Str. 2 55743 Idar-Oberstein,,,Datenschutz,0,0,528,19395
Bundeswehrzentralkrankenhaus,Rübenacherstr. 170 56072 Koblenz,,,Datenschutz,0,0,506,13507
Gemeinschaftsklinikum Mittelrhein - Kemperhof Koblenz,Koblenzer Str. 115-155 56073 Koblenz,,,Datenschutz,0,0,504,21221
Katholisches Klinikum Koblenz-Montabaur - Brüderhaus Koblenz,Kardinal-Krementz-Straße 1-5 56073 Koblenz,,,Datenschutz,0,0,484,21150
Diakonie Klinikum Ev. Jung-Stilling-Krankenhaus,Wichernstraße 40 57074 Siegen,,,Datenschutz,0,0,483,26360
Diakonie Klinikum Kirchen,Bahnhofstr. 24 57548 Kirchen,,,Datenschutz,0,0,279,10124
Marienkrankenhaus Schwerte,Goethestr. 19 58239 Schwerte,,,Datenschutz,0,0,373,15253
HELIOS Klinikum Schwelm,Dr.-Möller-Str. 15 58332 Schwelm,,,Datenschutz,0,0,371,15270
St. Barbara-Klinik Hamm-Heessen,Am Heessener Wald 1 59073 Hamm,,,Datenschutz,0,0,448,19921
Karolinen-Hospital Hüsten,Stolte Ley 5 59759 Arnsberg,,,Datenschutz,0,0,501,26715
Hospital Zum Heiligen Geist,Lange Str. 4-6 60311 Frankfurt,,,Datenschutz,0,0,226,9927
AGAPLESION MARKUS KRANKENHAUS,Wilhelm-Epstein-Straße 4 60431 Frankfurt am Main,,,213,0,44,635,20722
Krankenhaus Sachsenhausen,Schulstr. 31 60594 Frankfurt,,,Datenschutz,0,0,192,9645
Hochwaldkrankenhaus Bad Nauheim,Chaumontplatz 1 61231 Bad Nauheim,,,Datenschutz,0,0,241,8734
Hochtaunus-Kliniken gGmbH Bad Homburg,Zeppelinstr. 20 61352 Bad Homburg,,,Datenschutz,0,0,492,24573
Ketteler-Krankenhaus,Lichtenplattenweg 85 63071 Offenbach,,,Datenschutz,0,0,278,12864
Asklepios Kliniken Langen-Seligenstadt GmbH Klinik Langen,Röntgenstr. 20 63225 Langen,,,Datenschutz,0,0,407,19564
Gesundheitszentrum Odenwaldkreis,Albert-Schweitzer-Str. 10-20 64711 Erbach,,,Datenschutz,0,0,344,11734
Kreiskliniken Darmstadt-Dieburg,Krankenhausstr. 11 64823 Groß-Umstadt,,,Datenschutz,0,0,363,11009
CaritasKlinikum Saarbrücken St. Theresia,Rheinstraße 2 66113 Saarbrücken,,,10,0,0,499,22744
Universitätskliniken des Saarlandes,Kirrberger Str. 100 66421 Homburg,,,Datenschutz,0,0,1466,45062
DRK-Krankenhaus Saarlouis,Vaubanstr. 25 66740 Saarlouis,,,Datenschutz,0,0,221,10383
Diakonissen-Stiftungs- Krankenhaus Speyer,Paul-Egell-Str. 33 67346 Speyer,,,Datenschutz,0,0,484,24805
St. Vincentius-Krankenhaus,Holzstr. 4 A 67346 Speyer,,,23,0,0,256,9042
Klinikum Worms gGmbH,Gabriel-von-Seidl-Str. 81 67550 Worms,,,Datenschutz,0,0,696,30516
Westpfalz-Klinikum GmbH Kaiserslautern,Hellmut-Hartert-Straße 1 67655 Kaiserslautern,,,12,0,0,975,32570
Universitätsklinikum Mannheim,Theodor-Kutzer-Ufer 1-3 68167 Mannheim,,,120,0,72,1352,44176
Klinikum der Universität Heidelberg,Im Neuenheimer Feld 672 69120 Heidelberg,,,Datenschutz,0,0,1277,56447
Krankenhaus Salem Evang. Stadtmission Heidelberg,Zeppelinstr. 11-33 69121 Heidelberg,,,Datenschutz,0,0,238,9487
St. Elisabeth Klinik,Max-Reger-Str. 5-7 69121 Heidelberg,,,Datenschutz,0,0,40,4376
GRN - Klinik Weinheim,Röntgenstr. 1 69469 Weinheim,,,4,0,0,220,11030
Klinikum Stuttgart - Katharinenhospital,Kriegsbergstraße 60 70174 Stuttgart,,,6,0,0,981,34306
"Robert Bosch Krankenhaus, Standort City",Hohenheimer Str. 21 70184 Stuttgart,,,19,0,0,150,1908
Marienhospital,Boeheimstr. 37 70199 Stuttgart,,,18,0,0,761,30143
Robert-Bosch-Krankenhaus,Auerbachstraße 110 70376 Stuttgart,,,Datenschutz,0,0,880,29358
Kreiskliniken Böblingen gGmbH - Kliniken Böblingen,Bunsenstraße 120 71032 Böblingen,,,Datenschutz,0,0,335,18105
BG Klinik Tübingen,Schnarrenbergstr. 95 72076 Tübingen,,,Datenschutz,0,0,257,8860
Zollernalb Klinikum Balingen,Tübingerstr. 30 72336 Balingen,,,Datenschutz,0,0,242,9900
medius Klinik Nürtingen,Auf dem Säer 1 72622 Nürtingen,,,Datenschutz,0,0,353,17193
Rems-Murr-Klinik Schorndorf,Schlichtener Str. 105 73614 Schorndorf,,,Datenschutz,0,0,248,10770
SLK-Kliniken Heilbronn GmbH - Klinikum am Gesundbrunnen,Am Gesundbrunnen 20 74078 Heilbronn,,,Datenschutz,0,0,971,49598
HELIOS Klinikum Pforzheim,Kanzlerstr. 2-6 75175 Pforzheim,,,Datenschutz,0,0,500,21816
Städtisches Klinikum Karlsruhe,Moltkestr. 90 76133 Karlsruhe,,,Datenschutz,0,0,1596,52948
Schwarzwald-Baar Klinikum Villingen-Schwenningen GmbH,Klinikstr. 11 78052 Villingen-Schwenningen,,,Datenschutz,0,0,826,38440
Hegau-Bodensee-Klinikum Standort Singen,Virchowstrasse 10 78224 Singen,,,Datenschutz,0,0,448,18992
Klinikum Konstanz,Mainaustraße 35 78464 Konstanz,,,Datenschutz,0,0,380,16254
St. Josefs-Krankenhaus,Sautierstr. 1 79104 Freiburg,,,Datenschutz,0,0,282,20031
Universitätsklinikum Freiburg,Hugstetter Str. 49 79106 Freiburg,,,41,0,Datenschutz,1693,64106
Kreiskrankenhaus Emmendingen,Gartenstr. 44 79312 Emmendingen,,,Datenschutz,0,0,263,10386
Rotkreuzklinikum München,Nymphenburger Straße 163 80634 München,,,308,0,230,435,19677
Kreiskrankenhaus München-Pasing,Steinerweg 5 81241 München,,,Datenschutz,0,0,412,20486
Dr. Lubos Kliniken Pasing,Schmiedwegerl 2-6 81241 München,,,465,0,106,45,1236
Dr. Lubos Kliniken Bogenhausen,Denninger Str. 44 81679 München,,,713,0,0,85,3866
Urologische Klinik München-Planegg,Germeringer Str. 32 82152 Planegg,,,393,0,0,75,3515
WolfartKlinik,Waldstr. 7 82166 Gräfelfing,,,Datenschutz,0,0,105,6860
Städtisches Klinikum Friedrichshafen,Röntgenstr. 2 88048 Friedrichshafen,,,Datenschutz,0,0,370,17450
Asklepios Klinik Lindau GmbH,Friedrichshafener Str. 82 88131 Lindau,,,Datenschutz,0,0,110,6037
Klinikum der Universität Ulm - Standort MB/SB,Eythstraße 24 89075 Ulm,,,4,0,0,454,23113
Klinikum der Universität Ulm,Albert-Einstein-Allee 29 89081 Ulm,,,Datenschutz,0,0,696,25676
Klinik Günzburg,Lindenallee 1 89312 Günzburg,,,Datenschutz,0,0,240,9827
Klinikum Nürnberg Nord,Prof.-Ernst-Nathan-Str. 1 90419 Nürnberg,,,Datenschutz,0,0,1215,46144
Kliniken Dr. Erler,Kontumazgarten 4-18 90429 Nürnberg,,,Datenschutz,0,0,220,9797
Klinikum Nürnberg Süd,Breslauer Straße 201 90471 Nürnberg,,,Datenschutz,0,0,929,38274
Klinikum der Friedrich- Alexander-Universität,Krankenhausstr. 12 91054 Erlangen,,,17,0,0,1462,59704
Bezirksklinikum Ansbach,Feuchtwanger Straße 38 91522 Ansbach,,,Datenschutz,0,0,422,4183
Klinikum St. Marien,Mariahilfbergweg 7 92224 Amberg,,,Datenschutz,0,0,598,26437
Klinikum Weiden,Söllnerstraße 16 92637 Weiden,,,13,0,0,649,26031
Krankenhaus der Barmherzigen Brüder,Prüfeningerstr. 86 93049 Regensburg,,,Datenschutz,0,0,985,46298
Caritas-Krankenhaus St. Josef,Landshuter Str. 65 93053 Regensburg,,,Datenschutz,0,0,325,17790
Klinikum der Universität Regensburg,Franz-Josef-Strauß-Allee 11 93053 Regensburg,,,Datenschutz,0,0,845,27876
Klinikum Bamberg -Betriebsstätte am Bruderwald-,Buger Str. 80 96049 Bamberg,,,Datenschutz,0,0,1136,35009
Klinikum Würzburg Mitte,Salvatorstr. 7 97074 Würzburg,,,Datenschutz,0,0,675,27775
Klinikum der Universität Würzburg,Josef-Schneider-Str. 2 97080 Würzburg,,,7,0,0,1452,61160
Main-Klinik Ochsenfurt,Am Greinberg 25 97199 Ochsenfurt,,,Datenschutz,0,0,140,6208
HELIOS Klinikum Erfurt GmbH,Nordhäuser Str. 74 99089 Erfurt,,,Datenschutz,0,0,1261,48607
Sophien- und Hufeland Klinikum,Henry-van-de-Velde-Str. 2 99425 Weimar,,,8,0,0,582,19174
